{"cameraMode":{"drawMode":0,"name":"Shaded","section":"Shading Mode"},"sceneLighting":true,"audioPlay":false,"sceneViewState":{"showFog":false,"showMaterialUpdate":true,"showSkybox":true,"showFlares":false,"showImageEffects":true,"showParticleSystems":true},"in2DMode":false,"pivot":{"x":141.93492126464845,"y":12.95610523223877,"z":91.71945190429688},"rotation":{"x":-0.01830657385289669,"y":-0.017069321125745775,"z":0.0003554017748683691,"w":-0.9997625350952148},"size":8.800429344177246,"orthographic":false}